https://github.com/llnl/sundials	sundials	Official development repository for SUNDIALS - a SUite of Nonlinear and DIfferential/ALgebraic equation Solvers. Pull requests are welcome for bug fixes and minor changes.	C
https://github.com/llnl/UEDGE	UEDGE	2D fluid simulation of plasma and neutrals in magnetic fusion devices	Fortran
https://github.com/llnl/RAJAPerf	RAJAPerf	RAJA Performance Suite	Jupyter Notebook
https://github.com/llnl/benchmarks	benchmarks	Related to benchmarking activities for Advanced Simulation & Computing (ASC) Advanced Technology Systems	
https://github.com/llnl/benchpark	benchpark	An open collaborative repository for reproducible specifications of HPC benchmarks and cross site benchmarking environments	Python
https://github.com/llnl/zero-rk	zero-rk	Zero-order Reaction Kinetics (Zero-RK) is a software package that simulates chemically reacting systems in a computationally efficient manner.	C++
https://github.com/llnl/mgmol	mgmol	MGmol is a scalable O(N) First-Principles Molecular Dynamics code that is capable of performing large-scale electronics structure calculations and molecular dynamics simulations of atomistic systems.	C++
https://github.com/llnl/repligit	repligit	A Git client for mirroring multiple remotes without storing state	Python
https://github.com/llnl/scaleupROM	scaleupROM	Scalable Reduced Order Model with Discontinuous Galerkin Domain Decomposition	C++
https://github.com/llnl/RAJA	RAJA	RAJA Performance Portability Layer (C++)	C++
https://github.com/llnl/Surfactant	Surfactant	Modular framework for file information extraction and dependency analysis to generate accurate SBOMs	Python
https://github.com/llnl/popclass	popclass	A python package that allows flexible, probabilistic classification of a microlensing event	Python
https://github.com/llnl/units	units	A run-time C++ library for working with units of measurement and conversions between them and with string representations of units and measurements	C++
https://github.com/llnl/radiuss-docker	radiuss-docker	Automated builds of Docker container bases for RADIUSS projects	Dockerfile
https://github.com/llnl/WarpX	WarpX	WarpX is an advanced, time-based electromagnetic & electrostatic Particle-In-Cell code.	C++
https://github.com/llnl/axom	axom	CS infrastructure components for HPC applications	C++
https://github.com/llnl/GPLaSDI	GPLaSDI	Gaussian process-based interpretable latent space dynamics identification through deep autoencoder	Python
https://github.com/llnl/Tribol	Tribol	Modular interface physics library featuring state-of-the-art contact physics methods.	C++
https://github.com/llnl/ERF	ERF	Energy Research and Forecasting Model	C++
https://github.com/llnl/quandary	quandary	Optimal control for open quantum systems	C++
https://github.com/llnl/Umpire	Umpire	An application-focused API for memory management on NUMA & GPU architectures	C++
https://github.com/llnl/smith	smith	Smith is a high order nonlinear thermomechanical simulation code	C++
https://github.com/llnl/spheral	spheral		C++
https://github.com/llnl/quandary-examples	quandary-examples	Examples for Quandary	Jupyter Notebook
https://github.com/llnl/CHAI	CHAI	Copy-hiding array abstraction to automatically migrate data between memory spaces	C++
https://github.com/llnl/dftracer	dftracer	A multi-level dataflow tracer for capturing I/O calls from workflows.	Jupyter Notebook
https://github.com/llnl/ISO-DART	ISO-DART	ISO-DART: Independent System Operator Data Automated Request Tool	Python
https://github.com/llnl/conduit	conduit	Simplified Data Exchange for HPC Simulations	C++
https://github.com/llnl/mphys-surrogate-model	mphys-surrogate-model	This repository contains python scripts for training latent-space machine learning representations of warm rain droplet microphysics	Python
https://github.com/llnl/hiop	hiop	HPC solver for nonlinear optimization problems	C++
https://github.com/llnl/radiuss-shared-ci	radiuss-shared-ci	Shared Gitlab CI configuration for RADIUSS projects	
https://github.com/llnl/microbenchmarks	microbenchmarks		C++
https://github.com/llnl/radiuss-spack-configs	radiuss-spack-configs	Shared spack configurations for RADIUSS projects	Python
https://github.com/llnl/hdbind	hdbind		Jupyter Notebook
https://github.com/llnl/clippy	clippy		C++
https://github.com/llnl/PYB11Generator	PYB11Generator	PYB11Generator is a python based code generator that creates pybind11 code for binding C++ libraries as extensions in Python.	Python
https://github.com/llnl/SAMRAI	SAMRAI	Structured Adaptive Mesh Refinement Application Infrastructure - a scalable C++ framework for block-structured AMR application development	C++
https://github.com/llnl/UETOOLS	UETOOLS		Jupyter Notebook
https://github.com/llnl/mpibind	mpibind	Pragmatic, Productive, and Portable Affinity for HPC	C
https://github.com/llnl/ATS	ATS	ATS - Automated Testing System - is an open-source, Python-based tool for automating the running of tests of an application across a broad range of high performance computers.	Python
https://github.com/llnl/CARE	CARE	CHAI and RAJA provide an excellent base on which to build portable codes. CARE expands that functionality, adding new features such as loop fusion capability and a portable interface for many numerical algorithms. It provides all the basics for anyone wanting to write portable code.	C++
https://github.com/llnl/pEyeON	pEyeON	Repository for the EyeON file manifest tool	Python
https://github.com/llnl/ContinuationSolvers	ContinuationSolvers		C++
https://github.com/llnl/Caliper	Caliper	Caliper is an instrumentation and performance profiling library	C++
https://github.com/llnl/dfanalyzer	dfanalyzer	Layered data-flow analysis for HPC I/O.	Jupyter Notebook
https://github.com/llnl/Wintap-Analytics	Wintap-Analytics	A collection of various tooling for analyzing and inspecting Wintap data.	Jupyter Notebook
https://github.com/llnl/llnl.github.io	llnl.github.io	Public home for LLNL software catalog	JavaScript
https://github.com/llnl/SEAMsurrogates	SEAMsurrogates	"Shared Education in Artificial intelligence and Machine learning (SEAM) professional development course on ""Surrogate Modeling and Design Optimization,"" as designed at LLNL."	Python
https://github.com/llnl/Kripke	Kripke	Kripke is a simple, scalable, 3D Sn deterministic particle transport code	C++
https://github.com/llnl/echemfem	echemfem	Finite Element Method for Electrochemical Transport (EchemFEM)	Python
https://github.com/llnl/session-recorder	session-recorder	Allows you to record a browser and voice, and produce a session. Inspired by Playwright's repo.	TypeScript
https://github.com/llnl/merlin	merlin	Machine Learning for HPC Workflows	Python
https://github.com/llnl/INGRID	INGRID	Interactive Grid Generator for Tokamak Boundary Region	Python
https://github.com/llnl/inq	inq	This is a mirror. Please check our main website on gitlab.	C++
https://github.com/llnl/pydftracer	pydftracer	This repository contains the python binding for DFTracer	Python
https://github.com/llnl/COGENT	COGENT		C++
https://github.com/llnl/CompilerGPT	CompilerGPT	Driver tieing together compiler and AI models to achieve better code optimizations.	C
https://github.com/llnl/ExaCA	ExaCA	Cellular automata code for alloy nucleation and solidification written with Kokkos	C++
https://github.com/llnl/OGhidra	OGhidra	OGhidra bridges Large Language Models (LLMs) via Ollama with the Ghidra reverse engineering platform, enabling AI-driven binary analysis through natural language. Interact with Ghidra using conversational queries and automate complex reverse engineering workflows.	Python
https://github.com/llnl/FPChecker	FPChecker	A dynamic analysis tool to detect floating-point errors in HPC applications.	Python
https://github.com/llnl/uberenv	uberenv	Automates using spack to build and deploy software	Shell
https://github.com/llnl/ygm	ygm		C++
https://github.com/llnl/hubcast	hubcast	An event driven synchronization application for bridging GitHub and GitLab	Python
https://github.com/llnl/protlib-designer	protlib-designer	Integer Linear Programming for Protein Library Design	Python
https://github.com/llnl/treescape	treescape		Jupyter Notebook
https://github.com/llnl/thicket	thicket		JavaScript
https://github.com/llnl/blt	blt	A streamlined CMake build system foundation for developing HPC software	C++
https://github.com/llnl/pefile	pefile	pefile is a Python module to read and work with PE (Portable Executable) files	Python
https://github.com/llnl/pefile-tests	pefile-tests	Test suite for pefile	Python
https://github.com/llnl/Spindle	Spindle	Scalable dynamic library and python loading in HPC environments	C
https://github.com/llnl/zfp	zfp	Compressed numerical arrays that support high-speed random access	C++
https://github.com/llnl/dapper	dapper	Dependency Analysis Project - tools to discover implicit dependencies in source code and on systems	Python
https://github.com/llnl/romweb	romweb	Reduced order model (ROM) website	Less
https://github.com/llnl/datacrumbs	datacrumbs	A multi-level dataflow profiler for capture I/O calls from worklows.	Jupyter Notebook
https://github.com/llnl/hatchet	hatchet	Graph-indexed Pandas DataFrames for analyzing hierarchical performance data	JavaScript
https://github.com/llnl/axom_data	axom_data	Input data for axom tests and examples	Python
https://github.com/llnl/saltatlas	saltatlas		C++
https://github.com/llnl/AMS	AMS		C++
https://github.com/llnl/jsonlogic	jsonlogic		C++
https://github.com/llnl/clippy-cpp	clippy-cpp		C++
https://github.com/llnl/playwright	playwright	Playwright is a framework for Web Testing and Automation. It allows testing Chromium, Firefox and WebKit with a single API.	TypeScript
https://github.com/llnl/SHOCK-UQ	SHOCK-UQ	This repository is for the Uncertainty Quantification Demystified class given at SCCM 2025.	Python
https://github.com/llnl/fence-agents	fence-agents	Fence agents for use with ClusterLabs Pacemaker	Python
https://github.com/llnl/zfs	zfs	ZFS on Linux - the official OpenZFS implementation for Linux.	C
https://github.com/llnl/Aluminum	Aluminum	High-performance, GPU-aware communication library	C++
https://github.com/llnl/invisorg	invisorg	"The code in this repository is in support of the paper ""An Embeddings Fusion Approach Predicts Disease State from Microbiome Features""."	Python
https://github.com/llnl/polytope	polytope	A library for generating Voronoi and Voronoi-like tessellations for computational domains with nontrivial boundaries.	C++
https://github.com/llnl/PolyClipper	PolyClipper	PolyClipper provides methods to clip arbitrary polygons (in 2D) and polyhedra (in 3D) by planes.	C++
https://github.com/llnl/maestrowf	maestrowf	A tool to easily orchestrate general computational workflows both locally and on supercomputers	Python
https://github.com/llnl/denodo-ai-sdk	denodo-ai-sdk	The Denodo AI SDK is an open-source software package that enables AI-powered application developers to develop and deploy their applications quickly, by streamlining all the data-related work in their development lifecycle enabling Denodo for higher AI accuracy and better performance.	Python
https://github.com/llnl/benchpark-tutorial	benchpark-tutorial		Shell
https://github.com/llnl/H5Z-ZFP	H5Z-ZFP	A registered ZFP compression plugin for HDF5	C
https://github.com/llnl/AMPE	AMPE	Adaptive Mesh Phase-field Evolution	C++
https://github.com/llnl/exajugo	exajugo	ExaJuGO: Exascale Julia Grid Optimization	MATLAB
https://github.com/llnl/ldms	ldms	TOSS fork of LDMS	C
https://github.com/llnl/analog	analog	Analog Computing Project	MATLAB
https://github.com/llnl/dmx-learn	dmx-learn	A Python package for creating and training deep graphical models for heterogenous data.	Jupyter Notebook
https://github.com/llnl/Wintap	Wintap	An extensible host-based agent for Windows.	C#
https://github.com/llnl/Lintap	Lintap	Proof of concept host-based event sensor for Linux. An attempt to implement Wintap for Linux.	
https://github.com/llnl/camp	camp	Compiler agnostic metaprogramming library providing concepts, type operations and tuples for C++ and cuda	C++
https://github.com/llnl/Silo	Silo	Mesh and Field I/O Library and Scientific Database	C
https://github.com/llnl/gretl	gretl	Graph-based reversible evaluation and tangents library	C++
https://github.com/llnl/libROM	libROM	Data-driven model reduction library with an emphasis on large scale parallelism and linear subspace methods	C++
https://github.com/llnl/MPIDiff	MPIDiff	MPIDiff is a C++ library for pairing a correct version of an executable with a version that may have bugs or race conditions in it. The correct version checks that the data communicated from the other program matches its own and reports any differences.	C++
https://github.com/llnl/AC2Dr	AC2Dr	2-D finite difference codes for acoustic wave simulations	C
https://github.com/llnl/krowkee	krowkee	A high-performance computing toolkit for scalably summarizing many data streams in distributed memory.	C++
https://github.com/llnl/ExaConstit	ExaConstit	A crystal plasticity FEM code that runs on the GPU	C++
https://github.com/llnl/ExaCMech	ExaCMech	A GPU-friendly materials library with a focus on crystal plasticity methods	C++
https://github.com/llnl/protein_tune_rl	protein_tune_rl	Protein design with infilling language models and reinforcement learning — for antibodies and beyond.	Python
https://github.com/llnl/Privateer	Privateer	Multi-versioned memory-mapped data stores for high-performance data science	C++
https://github.com/llnl/shroud	shroud	Shroud: generate Fortran and Python wrappers for C and C++ libraries	Fortran
https://github.com/llnl/STAT	STAT	STAT - the Stack Trace Analysis Tool	C
https://github.com/llnl/exadis	exadis	ExaDiS (Exascale Dislocation Simulator) is a portable library for Discrete Dislocation Dynamics simulations that runs on GPU	C++
https://github.com/llnl/APBuilder	APBuilder	Python tool to create AC2Dr atmosphere profiles from weather models.	Python
https://github.com/llnl/radiuss-aws-tutorials	radiuss-aws-tutorials	AWS CloudFormation stack for deploying containerized tutorials.	Python
https://github.com/llnl/elastic-stacker	elastic-stacker	A tool for importing and exporting Elastic Stack configuration to and from files.	Python
https://github.com/llnl/dftracer-utils	dftracer-utils	A collection of utilities for DFTracer	C++
https://github.com/llnl/FLORA	FLORA	Solves, in a 2-D domain, for the linearized stability of a long thin axisymetric equilibrium.	Mathematica
https://github.com/llnl/variorum	variorum	Vendor-neutral library for exposing power and performance features across diverse architectures	C++
https://github.com/llnl/Adiak	Adiak	Standard interface for collecting HPC run metadata	C++
https://github.com/llnl/FAS	FAS	MGOPT/FAS methods for ML	Jupyter Notebook
https://github.com/llnl/Skywing	Skywing	A platform for building collaborative autonomy-focused applications.	C++
https://github.com/llnl/serac_tests	serac_tests	This repository stores test data for the Serac project.	Shell
https://github.com/llnl/metall	metall	Persistent memory allocator for data-centric analytics	C++
https://github.com/llnl/Wintap-PyUtil	Wintap-PyUtil		Python
https://github.com/llnl/paraview_mcp	paraview_mcp	ParaView-MCP integrates multimodal LLMs with ParaView via Model Context Protocol, enabling natural language control of scientific visualizations. The agent observes the viewport for visual feedback, making complex visualization tool accessible to all users while providing intelligent automation for experts.	Python
https://github.com/llnl/scr	scr	SCR caches checkpoint data in storage on the compute nodes of a Linux cluster to provide a fast, scalable checkpoint / restart capability for MPI codes.	C
https://github.com/llnl/dftracer-traces	dftracer-traces	DFtracer Traces	
https://github.com/llnl/SNLS	SNLS	GPU-friendly Small Non-Linear Solvers (SNLS)	C++
https://github.com/llnl/fudge	fudge	For Updating Data and Generating Evaluations (FUDGE): LLNL code for managing nuclear data	Python
https://github.com/llnl/ctm	ctm	Common Electric Power Transmission System Model	C++
https://github.com/llnl/SSAPy	SSAPy	A Python package allowing for fast and precise orbital modeling.	Python
https://github.com/llnl/PyDV	PyDV	PyDV: Python Data Visualizer	Python
https://github.com/llnl/ossp-ingest-tool	ossp-ingest-tool	This project provides a web interface for ingesting, analyzing, and visualizing Software Bill of Materials (SBOM) data with asset data. The data can then be consolodated, redacted, and exported for downstream data aggregation or tool use.	Python
https://github.com/llnl/Frescox	Frescox	Scattering code Frescox for coupled-channels calculations	Fortran
https://github.com/llnl/redwoods_pwfs	redwoods_pwfs	This release includes code developed by Benjamin Gerard and Joel Hurtado in summer 2025 to model the performance of different modes of the reflective three-sided pyramid wavefront sensor instrument within the REDWOODS module of the Shane Adaptive Optics system at Lick observatory.	Jupyter Notebook
https://github.com/llnl/lustre	lustre	LLNL's branches of Lustre	C
https://github.com/llnl/AMG2023	AMG2023	Algebraic multigrid solver	C
https://github.com/llnl/FloatGuard	FloatGuard	FloatGuard is a tool that captures floating-point exceptions in your AMD HIP kernels.	Python
https://github.com/llnl/systems2atoms	systems2atoms		Jupyter Notebook
https://github.com/llnl/aiida-flux-scheduler	aiida-flux-scheduler	Flux scheduler plugin for AiiDA.	Python
https://github.com/llnl/trata	trata	Sampling Methods	Python
https://github.com/llnl/ygm-tutorial	ygm-tutorial		C++
https://github.com/llnl/pyranda	pyranda	A Python driven, Fortran powered Finite Difference solver for arbitrary hyperbolic PDE systems. This is the mini-app for the Miranda code.	Fortran
https://github.com/llnl/bioimage-agent	bioimage-agent	A lightweight napari plugin that exposes the viewer over MCP (Message-Control Protocol) via a Python socket server. Built on top of FastMCP, it lets external MCP-speaking clients—such as autonomous AI agents running on Claude or OpenAI—call napari’s public API remotely.	Python
https://github.com/llnl/LaunchMON	LaunchMON	LaunchMON is a software infrastructure that enables HPC run-time tools to co-locate tool daemons with a parallel job. Its API allows a tool to identify all the remote processes of a job and to scalably launch daemons into the relevant nodes.	C++
https://github.com/llnl/orchestrator	orchestrator	The Orchestrator is an integrated software package for building, training, testing, augmenting, running, and analyzing interatomic potentials (IAPs) and their simulations.	Python
https://github.com/llnl/SImSiT	SImSiT		Python
https://github.com/llnl/DFDashboard	DFDashboard	The Interactive Visualization Layer of the DataFlowX Suite	Python
https://github.com/llnl/zfpy-wheels	zfpy-wheels	Repository for wheel building of zfpy, the official Python bindings for the zfp compression algorithm	
https://github.com/llnl/goTLS	goTLS	goTLS is an automated TLS certificate issuance and management tool for Windows, Mac, and Linux. It can generate keys, CSRs, and optionally obtain the certificate with an internal Active Directory Certificate Services (ADCS) endpoint.	Go
https://github.com/llnl/radiuss	radiuss		CSS
https://github.com/llnl/lmt	lmt	Lustre Monitoring Tools	C
https://github.com/llnl/deepopt	deepopt		Python
https://github.com/llnl/mpiP	mpiP	A light-weight MPI profiler.	C
https://github.com/llnl/geometry-mesher	geometry-mesher	A lightweight utility for generating quality tet meshes of implictly-defined geometries	Mathematica
https://github.com/llnl/UnifyFS	UnifyFS	UnifyFS: A file system for burst buffers	C
https://github.com/llnl/LEAP	LEAP	comprehensive library of 3D transmission Computed Tomography (CT) algorithms with Python and C++ APIs, a PyQt GUI, and fully integrated with PyTorch	Cuda
https://github.com/llnl/MuyGPyS	MuyGPyS	A fast, pure python implementation of the MuyGPs Gaussian process realization and training algorithm.	Python
https://github.com/llnl/PruningAMR	PruningAMR	Adaptive mesh refinement method using pruning for visualization of Implicit Neural Representations	Python
https://github.com/llnl/NSBC	NSBC		Python
https://github.com/llnl/cmvl	cmvl	Continuous Monitoring Visualization Library	
https://github.com/llnl/kosh	kosh	Kosh allows codes to store, query, share data via an easy-to-use Python API. Kosh lies on top of Sina and as a result can use any database backend supported by Sina. In adition Kosh aims to make data access and sharing as simple as possible.	Python
https://github.com/llnl/msr-safe	msr-safe	Allows safer access to model specific registers (MSRs)	C
https://github.com/llnl/ibis	ibis	Interactive Bayesian Inference and Sensitivity	Python
https://github.com/llnl/MEAGraph	MEAGraph		Jupyter Notebook
https://github.com/llnl/UMT	UMT	UMT (Unstructured Mesh Transport) is an LLNL ASC proxy application (mini-app) that solves a thermal radiative transport equation using discrete ordinates (Sn). It utilizes an upstream corner balance method to compute the solution to the Boltzmann transport equation on unstructured spatial grids.	Fortran
https://github.com/llnl/pyorick	pyorick	Run yorick from python	Python
https://github.com/llnl/playwright-mcp	playwright-mcp	Playwright MCP server	TypeScript
https://github.com/llnl/DeepAL	DeepAL	This project is an implementation of the Deep Active Learning (DeepAL) framework from the paper Deep Active Learning based Experimental Design to Uncover Synergistic Genetic Interactions for Host Targeted Therapeutics.	Python
https://github.com/llnl/GPS-Z	GPS-Z		Python
https://github.com/llnl/merlin-spellbook	merlin-spellbook	Useful utilities for merlin workflows!	Python
https://github.com/llnl/pylibROM	pylibROM	Python interface for libROM, library for reduced order models	Python
https://github.com/llnl/thicket-tutorial	thicket-tutorial		Jupyter Notebook
https://github.com/llnl/open-ai-co-scientist	open-ai-co-scientist	Open-source implementation of Google's AI co-scientist for genenerating research hypotheses	Python
https://github.com/llnl/Ryugu-publication	Ryugu-publication		Python
https://github.com/llnl/geno-prot	geno-prot		
https://github.com/llnl/slewpy	slewpy	Simulate astronomy mission observing for satellite constellations	Python
https://github.com/llnl/matred	matred	Matrix-based Parallel Redistribution	C++
https://github.com/llnl/HPCCEA	HPCCEA	High Performance Computing Cluster Engineering Academy within Livermore Computing	Python
https://github.com/llnl/system-noise	system-noise	System noise utilities and benchmarks for HPC	C
https://github.com/llnl/ROSE-LCOM-Tools	ROSE-LCOM-Tools	Computes LCOM metrics for C++ and Ada code	C++
https://github.com/llnl/parelag	parelag	Parallel element agglomeration algebraic multigrid upscaling and solvers.	C++
https://github.com/llnl/raja-suite-tutorial	raja-suite-tutorial	Tutorial materials for the RAJA Portability Suite	C++
https://github.com/llnl/ExaEpi	ExaEpi	An agent-based epidemiological simulation code using AMReX	Jupyter Notebook
https://github.com/llnl/qnd	qnd	Quick n Dirty Python package for working with binary files	Python
https://github.com/llnl/UFNet	UFNet		Python
https://github.com/llnl/ltau-ff	ltau-ff	Code for implementing the LTAU UQ method	Python
https://github.com/llnl/risingMicrobubbleLattice	risingMicrobubbleLattice		C++
https://github.com/llnl/sc-foi	sc-foi	This repository provides the tools to analyze and design superconducting devices using a field integral overlap method.	Jupyter Notebook
https://github.com/llnl/ygm-bench	ygm-bench		C++
https://github.com/llnl/ygm-project-template	ygm-project-template	Build system template for YGM based projects.	CMake
https://github.com/llnl/weave	weave		
https://github.com/llnl/dr_evt	dr_evt	Discrete Resource Event Modeling and Multi-Cluster Job Scheduling Simulation	C++
https://github.com/llnl/ygm-tools	ygm-tools		CMake
https://github.com/llnl/playwright-crx-ai	playwright-crx-ai	Playwright for chrome extensions	TypeScript
https://github.com/llnl/DFDiagnoser	DFDiagnoser		
https://github.com/llnl/dfoptimizer	dfoptimizer		
https://github.com/llnl/.github	.github	Templates for community health files, software release notes, the portal’s news posts, Read the Docs, and more	
https://github.com/llnl/coda-calibration-tool	coda-calibration-tool	Tool for calibrating seismic coda source models	Java
https://github.com/llnl/ppo_and_friends	ppo_and_friends	MPI Distributed Proximal Policy Optimization And Friends	Python
https://github.com/llnl/fast3	fast3		Jupyter Notebook
https://github.com/llnl/weave_docs	weave_docs	WEAVE documentations	Python
https://github.com/llnl/RAJAProxies	RAJAProxies	RAJA versions of proxy applications	C++
https://github.com/llnl/playwright-tracegen	playwright-tracegen	Playwright is a framework for Web Testing and Automation. It allows testing Chromium, Firefox and WebKit with a single API.	TypeScript
https://github.com/llnl/havoqgt	havoqgt		C++
https://github.com/llnl/ferdinand	ferdinand	Translate R-matrix Evaluations	Python
https://github.com/llnl/spnet	spnet	"Repository for paper, ""Swap Path Network for Robust Person Search Pre-training"". Implements pre-training and fine-tuning of the Swap Path Net (SPNet) for person search. Contains code, configs, and instructions to reproduce all results from the paper."	Python
https://github.com/llnl/Rflow	Rflow	R-matrix methods for fitting EXFOR data using tensorflow	Python
https://github.com/llnl/LAST	LAST	Livermore Archive for System Telemetry (LAST)	HTML
https://github.com/llnl/Sina	Sina	Store and query simulation (meta)data to/from various backends using friendly Python	Python
https://github.com/llnl/dbComm	dbComm	dbComm is a module for integrating a Python codebase with MongoDB using the PyMongo library	Python
https://github.com/llnl/Analytic_Deflection_of_Asteroids_by_NEDs	Analytic_Deflection_of_Asteroids_by_NEDs	This package evaluates an analytic formula for the Delta v imparted to an asteroid by a 1 or 2 keV black body source given the radius of the asteroid, the standoff distance, the Yield in x-rays, the density of the asteroid, and the fit coefficients for the 1 or 2 keV black body source (provided in the module).	Python
https://github.com/llnl/scraper	scraper	Python library for getting metadata from source code hosting tools	Python
https://github.com/llnl/gidiplus	gidiplus	C++ libraries for accessing nuclear data from the Generalized Nuclear Database Structure (GNDS)	C++
https://github.com/llnl/flood_changes	flood_changes		HTML
https://github.com/llnl/RadSim	RadSim	An open-source radiation simulation software framework.	Java
https://github.com/llnl/hwo1dGUI	hwo1dGUI		Jupyter Notebook
https://github.com/llnl/lustre-tools-llnl	lustre-tools-llnl	Some lustre-related scripts and utilities in use at LLNL.	Shell
https://github.com/llnl/yorick	yorick	yorick interpreted language	C
https://github.com/llnl/TOPEFC	TOPEFC	Topology Optimization for Full-Cell Electrochemical Energy Storage Device	Python
https://github.com/llnl/USER-EPH	USER-EPH	LAMMPS extension to capture electron-ion interaction. This is a mirror of .	C++
https://github.com/llnl/GOTCHA	GOTCHA	GOTCHA is a library for wrapping function calls in shared libraries	C
https://github.com/llnl/AnalyticMGOpac	AnalyticMGOpac	An analytic opacity integrator for multigroup calculations	C++
https://github.com/llnl/certipy	certipy	Wraps pyOpenSSL for quick and easy PKI	Python
https://github.com/llnl/anchoring	anchoring	On the Use of Anchoring for Training Vision Models	Python
https://github.com/llnl/HPAC	HPAC		C++
https://github.com/llnl/wrap	wrap	MPI wrapper generator, for writing PMPI tool libraries	Python
https://github.com/llnl/MUPPET	MUPPET	OpenMP mutations	C++
https://github.com/llnl/Elemental	Elemental	Distributed-memory, arbitrary-precision, dense and sparse-direct linear algebra, conic optimization, and lattice reduction	C++
https://github.com/llnl/ezAlign	ezAlign	Coarse grain to atomistic molecular coordinate and topology converter	Python
https://github.com/llnl/Gula	Gula	3d model for a hypothetical facility, the Gula Regional Hospital	
https://github.com/llnl/HPC-Tutorials	HPC-Tutorials	Future home of hpc-tutorials.llnl.gov	C
https://github.com/llnl/GridKit	GridKit	Experimental code for prototyping interfaces between numerical libraries and network models.	C++
https://github.com/llnl/csld	csld	Compressive sensing lattice dynamics	Python
https://github.com/llnl/magpie	magpie	Magpie contains a number of scripts for running Big Data software in HPC environments, including Hadoop and Spark. There is support for Lustre, Slurm, Moab, Torque. LSF, Flux, and more.	Shell
https://github.com/llnl/BayesMTL	BayesMTL	This project is an implementation of the Bayesian Multitask Learning (BayesMTL) from the paper Hierarchical Sparse Bayesian Multitask Model with Scalable Inference for Microbiome Analysis.	Python
https://github.com/llnl/pylulesh	pylulesh	Python port of LULESH	Python
https://github.com/llnl/MLAP	MLAP		Python
https://github.com/llnl/radiuss-spack-testing	radiuss-spack-testing	Gitlab CI automation of Spack testing with RADIUSS projects builds.	Shell
https://github.com/llnl/toss-stig	toss-stig	Source code repository for TOSS operating system STIG	Python
https://github.com/llnl/smoothG	smoothG	Mixed graph Laplacian upscaling and solvers	C++
https://github.com/llnl/MappgeneSummary	MappgeneSummary		R
https://github.com/llnl/mtinv	mtinv	Moment Tensor Inversion Toolkit MTINV	C
https://github.com/llnl/GPU-FPX	GPU-FPX	A Low-Overhead tool for Floating-Point Exception Detection in NVIDIA GPUs	Cuda
https://github.com/llnl/perf-dump	perf-dump	Records per-process, per-timestep PAPI performance counter values. Saves them in an HDF5 file.	C
https://github.com/llnl/ez-Quench	ez-Quench	A simple model for jet quenching in Heavy Ion Physics	Python
https://github.com/llnl/RASE	RASE	Replicative Assessment of Spectrometric Equipment	Python
https://github.com/llnl/pySigma-pipeline-wintap	pySigma-pipeline-wintap		Python
https://github.com/llnl/DECIDER	DECIDER	DECIDER: Leveraging Foundation Model Priors for Improved Model Failure Detection and Explanation	Python
https://github.com/llnl/toss-configs	toss-configs		
https://github.com/llnl/Ciel	Ciel	Ciel identifies the root cause of numerical inconsistencies induced by compilers	C++
https://github.com/llnl/radiuss-stack	radiuss-stack	A spack stack with radiuss (some) radiuss packages	
https://github.com/llnl/radiuss-uberenv	radiuss-uberenv	Using uberenv to setup a radiuss package	Shell
https://github.com/llnl/radiuss-ci	radiuss-ci	RADIUSS CI project aims at providing sensible default configurations and tools for GitLab CI.	CMake
https://github.com/llnl/omi_data_tools_open_source	omi_data_tools_open_source		Python
https://github.com/llnl/BinCFG	BinCFG	A Python tool designed to parse analyzer outputs to produce call flow graphs (CFG), tokenize and normalize the assembly lines within those CFGs, and convert that data into ML-ready formats. We are working on novel approaches to correlate this data with event data collected at runtime.	Python
https://github.com/llnl/CAP	CAP	HPC workflow that automates the tedious actions of compiling, analyzing, and parsing with bincfg	Python
https://github.com/llnl/ParaDiS	ParaDiS	ParaDiS (Parallel Dislocation Simulator) is a massively parallel Discrete Dislocation Dynamics simulation tool to simulate motion and interaction of large ensembles of dislocations	C++
https://github.com/llnl/dftf	dftf	Drink From The Firehose	Python
https://github.com/llnl/multiwfs	multiwfs	Control Algorithms for Multi-Wavefront Sensor Adaptive Optics for Astronomical Exoplanet Imaging (MWFSC)	Julia
https://github.com/llnl/weave-demos	weave-demos	General Demos for WEAVE Open-sourced tools.	Jupyter Notebook
https://github.com/llnl/FTTN	FTTN	Test suite to evaluate the numerical behaviors of matrix accelerators of GPUs	C++
https://github.com/llnl/b-mpi3	b-mpi3	This aims to be an wrapper to C-MPI3 for C++, using the principles of simplicity, STL, RAII and Boost and enforcing type-safety. This is a mirror of .	C++
https://github.com/llnl/pySigma-backend-duckdb	pySigma-backend-duckdb		Python
https://github.com/llnl/aiida-inq	aiida-inq	AiiDA plugin for the LLNL developed INQ code.	Python
https://github.com/llnl/Juqbox.jl	Juqbox.jl	Juqbox.jl solves quantum optimal control problems in closed quantum systems	Julia
https://github.com/llnl/firecat	firecat	FireCat	Jupyter Notebook
https://github.com/llnl/PhyML	PhyML	Physics based Machine Learning	
https://github.com/llnl/MacPatch	MacPatch	Software & Patch management for macOS	Objective-C
https://github.com/llnl/ddd	ddd	Delaunay density diagnostic	Fortran
https://github.com/llnl/tripoll	tripoll		C++
https://github.com/llnl/hypar-lightweight	hypar-lightweight	Conservative Finite-Difference Solver for Hyperbolic-Parabolic PDEs	C
https://github.com/llnl/apollo	apollo	Apollo: Online Machine Learning for Performance Portability	C++
https://github.com/llnl/response	response	The seismic response processing module is a library for removing instrument response signals from seismic recordings. Provides support for EvalResp, PZF, PAZ, FAP, PAZFIR, PAZFAP, FIRFAP, and CSS responses and parallel processing support for transfer.	Java
https://github.com/llnl/DD-NM-ROM	DD-NM-ROM		Jupyter Notebook
https://github.com/llnl/LUAR	LUAR	Transformer-based model for learning authorship representations.	Python
https://github.com/llnl/umap	umap	User-space Page Management	C++
https://github.com/llnl/graphite	graphite	A repository for implementing graph network models based on atomic structures.	Jupyter Notebook
https://github.com/llnl/NM-ROM	NM-ROM	NM-ROM	Jupyter Notebook
https://github.com/llnl/Wintap-Workbench	Wintap-Workbench	web-based query tool for interacting with the Wintap event stream.	CSS
https://github.com/llnl/slapi	slapi	This is a tool that talks to the Spectra Logic tape libraries using their XML API.	Python
https://github.com/llnl/Varity	Varity	Floating-point program random generator	Cuda
https://github.com/llnl/LCUSS	LCUSS	LCUSS: Livermore Computing User and System Scripts	Python
https://github.com/llnl/AMG	AMG	Algebraic multigrid benchmark	C
https://github.com/llnl/MacPatch-Docs	MacPatch-Docs		HTML
https://github.com/llnl/CerebrasTrilabs-SC24AD	CerebrasTrilabs-SC24AD	Cerebras TriLabs SC'24 paper Artifact Description	Shell
https://github.com/llnl/lwgrp	lwgrp	The Light-weight Group Library provides methods for MPI codes to quickly create and destroy process groups	C
https://github.com/llnl/dftracer-bak	dftracer-bak	A multi-level dataflow tracer for capture I/O calls from worklows.	
https://github.com/llnl/SSAPy-Data	SSAPy-Data	Repository storing the data files required by the SSAPy repository.	HTML
https://github.com/llnl/spify	spify		C++
https://github.com/llnl/CIGEN	CIGEN	CIGEN is a tool that finds input ranges that cause high compiler-induced numerical inconsistencies in numerical programs.	Python
https://github.com/llnl/MemSurfer	MemSurfer	MemSurfer is a software tool to compute bilayer membrane surfaces.	C++
https://github.com/llnl/psuade	psuade	Problem Solving environment for Uncertainty Analysis and Design Exploration	C++
https://github.com/llnl/FGPU	FGPU		Fortran
https://github.com/llnl/GWAP	GWAP	Ground water age predictor	Jupyter Notebook
https://github.com/llnl/cardioid	cardioid	Cardiac simulation toolkit.	C++
https://github.com/llnl/Abmarl	Abmarl	Agent Based Modeling and Reinforcement Learning	Python
https://github.com/llnl/scisample	scisample		Python
https://github.com/llnl/mappgene	mappgene	mappgene (Massively Parallel and Portable Genomic Sequence Analysis) runs SARS-CoV-2 sequencing on HPC platforms.	Python
https://github.com/llnl/DynamicSimCCS	DynamicSimCCS		Jupyter Notebook
https://github.com/llnl/variorum-integrations	variorum-integrations		
https://github.com/llnl/CREPE	CREPE	"Code for the paper ""CREPE: Learnable Prompting With CLIP Improves Visual Relationship Prediction"""	Python
https://github.com/llnl/SW4CK	SW4CK	SW4 Curvlinear Kernels	C
https://github.com/llnl/AutoCog	AutoCog	Automaton & Cognition	Jupyter Notebook
https://github.com/llnl/Wintap-Data	Wintap-Data	A curated set of host-based data collected from the Wintap sensor	
https://github.com/llnl/interpML	interpML	Interpolation Models and Error Bounds for Verifiable Scientific Machine Learning (InterpML)	Jupyter Notebook
https://github.com/llnl/themis	themis		Python
https://github.com/llnl/mappertrac	mappertrac	Massively Parallel, Portable, and Reproducible Tractography (MaPPeRTrac). A probabilistic diffusion MRI tractography pipeline for high performance computing. Generates edge-centric connectomes and edge density images. Highly extensible.	Python
https://github.com/llnl/CRPCA	CRPCA	Computationally Restoring the Potency of a Clinical Antibody	Python
https://github.com/llnl/improvwf	improvwf	A Python package for dynamic workflows, supplementing Maestro	Python
https://github.com/llnl/Xscope	Xscope	XScope finds inputs that trigger floating-point exceptions in CUDA.	Python
https://github.com/llnl/gLaSDI	gLaSDI		Python
https://github.com/llnl/qball	qball	Qball (also known as qb@ll) is a first-principles molecular dynamics code that is used to compute the electronic structure of atoms, molecules, solids, and liquids within the Density Functional Theory (DFT) formalism. It is a fork of the Qbox code by Francois Gygi.	C++
https://github.com/llnl/msr-genie	msr-genie	Utility for fast and efficient queries about MSRs	C++
https://github.com/llnl/scr-top	scr-top	SCR and Components	CMake
https://github.com/llnl/Downscaled-Climate-Data-Dashboard	Downscaled-Climate-Data-Dashboard		Jupyter Notebook
https://github.com/llnl/Quicksilver	Quicksilver	A proxy app for the Monte Carlo Transport Code, Mercury. LLNL-CODE-684037	C++
https://github.com/llnl/PECAN2	PECAN2		Python
https://github.com/llnl/Wintap-Plugins	Wintap-Plugins		C#
https://github.com/llnl/blt_test	blt_test	Repository with example projects to test BLT	CMake
https://github.com/llnl/blt-phpmd	blt-phpmd		PHP
https://github.com/llnl/libyogrt	libyogrt	Your One Get Remaining Time library	C
https://github.com/llnl/axom-docker	axom-docker	Dockerfiles for Axom	Shell
https://github.com/llnl/bindee	bindee	Fast C++-Python bindings for simple cases.	C++
https://github.com/llnl/DeltaUQ	DeltaUQ		Python
https://github.com/llnl/JSAC	JSAC	JSAC is a Java implementation of the Seismic Analysis Code (SAC2000, ). It is intended to bring the most commonly used features of SAC2000 up to date with modern standards, support parallelized computation where possible, and implement improvements in algorithms and numerics.	Java
https://github.com/llnl/DFTT	DFTT	Software for building and operating suites of correlation and subspace detectors	Java
https://github.com/llnl/ADAPT	ADAPT	Adaptive Thresholds for Feature Extraction	C++
https://github.com/llnl/psuade-lite	psuade-lite	Lighter version of the Problem Solving environment for Uncertainty Analysis and Design Exploration (PSUADE)	C++
https://github.com/llnl/pLiner	pLiner	pLiner is a framework that helps programmers identify locations in the source of numerical code that are highly affected by compiler optimizations.	C
https://github.com/llnl/LLNL-ASTM	LLNL-ASTM	The LLNL Automized Surface Titration Model (L-ASTM) is a community data-driven surface complexation modeling workflow for simulating potentiometric titration of mineral surfaces.	C++
https://github.com/llnl/irep	irep	A tool for filling C/C++ or Fortran data structures from Lua input tables	Lua
https://github.com/llnl/spotbe	spotbe	The web backend for the SPOT performance visualization tool	Python
https://github.com/llnl/dtcmp	dtcmp	Datatype Compare (DTCMP) Library for sorting and ranking distributed data using MPI	C
https://github.com/llnl/libjustify	libjustify	Dynamic justification of tabular data in native C	C
https://github.com/llnl/ddcMDconverter	ddcMDconverter	A python package to convert GROMACS files to ddcMD inputs	Python
https://github.com/llnl/Perroht	Perroht	Persistent Robin Hood Hash Table	C++
https://github.com/llnl/dataracebench	dataracebench	Data race benchmark suite for evaluating OpenMP correctness tools aimed to detect data races.	C
https://github.com/llnl/NED_Asteroid_Energy_Deposition	NED_Asteroid_Energy_Deposition	This script is used to initialize a hydrocode simulation of an asteroid deflection/disruption with a nuclear explosive device for planetary defense purposes. It generates an angle/depth-dependent internal energy profile on the surface of the asteroid, which mimics the radiation absorbed from a nuclear explosive device.	Python
https://github.com/llnl/ddcMD	ddcMD	A fully GPU-accelerated molecular dynamics program for the Martini force field	C
https://github.com/llnl/mttime	mttime	Time Domain Moment Tensor Inversion in Python	Python
https://github.com/llnl/tox	tox	The tox (Tomcat, Oracle, and XML) micro service translates your PL/SQL packages directly into addressable URLs.	Java
https://github.com/llnl/marl-amr	marl-amr	Multi-agent reinforcement learning for adaptive mesh refinement	Python
https://github.com/llnl/radiuss-shared-ci-test	radiuss-shared-ci-test	Test repository for radiuss-shared-ic	Shell
https://github.com/llnl/tango	tango	Transport solver for coupling with turbulence	Python
https://github.com/llnl/FAST	FAST	Fusion models for Atomic and molecular STructures (FAST)	Python
https://github.com/llnl/OODmedic	OODmedic	"Code for the paper ""Know Your Space: Inlier and Outlier Construction for Calibrating Medical OOD Detectors"""	Python
https://github.com/llnl/mimir	mimir		C++
https://github.com/llnl/ExaCA-Data	ExaCA-Data		
https://github.com/llnl/GridDyn	GridDyn	GridDyn is an open-source power transmission simulation software package	C++
https://github.com/llnl/pysaber	pysaber	Python package for a systems approach to blur estimation and reduction	Python
https://github.com/llnl/UMT_TPLS	UMT_TPLS	Hosting tarballs needed for UMT, for reliability. The university hosting METIS frequently goes down.	
https://github.com/llnl/productivity-frameworks	productivity-frameworks	Recipes, scripts, and other software to make productivity frameworks perform well on HPC systems	
https://github.com/llnl/LULESH	LULESH	Livermore Unstructured Lagrangian Explicit Shock Hydrodynamics (LULESH)	C++
https://github.com/llnl/py-hostlist	py-hostlist	hostlist utility implemented in python	Python
https://github.com/llnl/AMP	AMP	Heteroscedastic temperature estimation for OOD detection	Jupyter Notebook
https://github.com/llnl/MTNN	MTNN		Python
https://github.com/llnl/pyMMAopt	pyMMAopt		Python
https://github.com/llnl/umap-apps	umap-apps	Applications for umap	C++
https://github.com/llnl/MahonFitting	MahonFitting	Python code to fit isochrons according to prescription by Mahon (1996)	Python
https://github.com/llnl/Curvallis	Curvallis	Curvallis is program for plotting, modifying, repairing, and fitting 1D data. (with some limited 2D support)	Python
https://github.com/llnl/CDash	CDash	An open source, web-based software testing server	PHP
https://github.com/llnl/test-mirror	test-mirror	This is a temporary repo to test mirroring to gitlab	
https://github.com/llnl/TOPE	TOPE	Topology Optimization for Porous Electrodes	Python
https://github.com/llnl/CallFlow	CallFlow	Visualization tool for analyzing call trees and graphs	Vue
https://github.com/llnl/LaSDI	LaSDI		Jupyter Notebook
https://github.com/llnl/Comb	Comb	Comb is a communication performance benchmarking tool.	C++
https://github.com/llnl/libmsr	libmsr	Wrapper library for model-specific registers. APIs cover RAPL, performance counters, clocks and turbo.	C
https://github.com/llnl/LH2Transfer	LH2Transfer	Liquid H2 (LH2) is a strong candidate for large scale, cost effective zero-emission transportation. One drawback of using LH2 are the losses along the supply chain, when transferring or using the molecule. This simulation code written in MATLAB enables to quantify the transfer and boil-off losses when using LH2, typically between a LH2 trailer a…	MATLAB
https://github.com/llnl/trestles	trestles	Exporter for low-level components (e.g. DCT coefficients, MVDs) from the h.264 codec based on the reference implementation.	C
https://github.com/llnl/saltatlas_h5_io	saltatlas_h5_io		C++
https://github.com/llnl/gridds	gridds		Python
https://github.com/llnl/TargetID	TargetID		Jupyter Notebook
https://github.com/llnl/FAROS	FAROS	FAROS: A Framework for Benchmarking and Analysis of Compiler Optimization	Python
https://github.com/llnl/RAJA-project-template	RAJA-project-template	A template project using CMake & BLT to build a RAJA application	C++
https://github.com/llnl/codechecker	codechecker	CodeChecker is an analyzer tooling, defect database and viewer extension for the Clang Static Analyzer and Clang Tidy	Python
https://github.com/llnl/fountainpen	fountainpen	benignware (pseudo malware) plugin for the Notepad++ editor	C#
https://github.com/llnl/zhw	zhw	ZFP Hardware Implementation	C++
https://github.com/llnl/letop	letop		Python
https://github.com/llnl/benchmarking-BoF-SC22	benchmarking-BoF-SC22		
https://github.com/llnl/pynamic	pynamic	The Python Dynamic Benchmark	C
https://github.com/llnl/pysolate	pysolate	Seismic Data Processing Tool using the Continuous Wavelet Transform	Python
https://github.com/llnl/LOKI	LOKI	4D Eulerian Vlasov Code	C
https://github.com/llnl/MDAS	MDAS	Software to disentangle the forced and unforced components of tropospheric temperature change over the satellite era	Python
https://github.com/llnl/NFSDM	NFSDM	This is a python code to simulate the formation and evolution of particles in an airburst as a homogeneous fireball expands and cools. The numerical model applied is a Lagrangian particle super-droplet method.	Python
https://github.com/llnl/hdtopology	hdtopology	High-dimensional topological data analysis library for NDDAV	C++
https://github.com/llnl/remote-mirror-security	remote-mirror-security		Ruby
https://github.com/llnl/rollerball	rollerball	benignware (pseudo malware) plugin for the Notepad++ editor	C
https://github.com/llnl/barni	barni	Benchmark Algorithm for RadioNuclide Identification	Python
https://github.com/llnl/adapt-fp	adapt-fp		C++
https://github.com/llnl/ATD-SD	ATD-SD	The Assured Timing Detector-Status Display provides a Web browser hosted display for the companion ATD precision time monitoring system	JavaScript
https://github.com/llnl/ATD	ATD	ATD (Assured Timing Detector) is an adaptable, model-based system for monitoring a timing signal for anomalies	
https://github.com/llnl/hatchet-tutorial	hatchet-tutorial	Live interactive tutorial for Hatchet	Jupyter Notebook
https://github.com/llnl/MemAxes	MemAxes	Interactive Visualization of Memory Access Samples	C++
https://github.com/llnl/mpibind-1	mpibind-1	Pragmatic, Productive, and Portable Affinity for HPC	C
https://github.com/llnl/cyme-launcher	cyme-launcher	Utility to help run CYME on HPC	Go
https://github.com/llnl/EQ3_6	EQ3_6	EQ3/6, a Software Package for Geochemical Modeling	
https://github.com/llnl/GPP	GPP	The Generative Patch Prior for Compressive Image Recovery	Python
https://github.com/llnl/macc	macc	Robust neural network surrogate for inertial confinement fusion	Python
https://github.com/llnl/spot2_container	spot2_container	The container infrastructure for the SPOT performance visualization tool	JavaScript
https://github.com/llnl/mitos	mitos	Memory Sampling Tool using Linux perf_events	C++
https://github.com/llnl/PDBspheres	PDBspheres		
https://github.com/llnl/spotfe	spotfe	The web frontend for the SPOT performance visualization tool	JavaScript
https://github.com/llnl/hypre	hypre	Parallel solvers for sparse linear systems featuring multigrid methods.	C
https://github.com/llnl/graphlib	graphlib	GraphLib	C
https://github.com/llnl/spdlayers	spdlayers	Symmetric Positive Definite (SPD) layers for PyTorch	Python
https://github.com/llnl/devil_ray	devil_ray		C++
https://github.com/llnl/DJINN	DJINN	Deep jointly-informed neural networks -- as easy-to-use algorithm for designing/initializing neural nets	Python
https://github.com/llnl/2022_DVRFS_microbiome	2022_DVRFS_microbiome	"Scripts for a manuscript titled ""Subsurface Microbial Communities Reflect Regional-Scale Groundwater Hydraulic Connectivity"" (submitted)"	R
https://github.com/llnl/SAC2000	SAC2000	SAC2000 (Seismic Analysis Code for the third millennium) is a general purpose interactive program designed for the study of sequential signals, especially time-series data.	C
https://github.com/llnl/MI-ChemVis	MI-ChemVis	A browser-based visualization of chemistry papers, specifically morphology, material, and chemical data extracted from them. The UI was made with nanomaterial synthesis papers in mind.	JavaScript
https://github.com/llnl/Jekyll-LLNL-Theme	Jekyll-LLNL-Theme	LLNL Themed Jekyll Template	HTML
https://github.com/llnl/radiuss-clingo-install	radiuss-clingo-install	Test clingo install in Gitlab CI for RADIUSS projects	Shell
https://github.com/llnl/op	op	A generic interface for different optimization packages	C++
https://github.com/llnl/variorum-spack-mirrors	variorum-spack-mirrors		
https://github.com/llnl/BinFPE	BinFPE	Detects floating-point exceptions using binary instrumentation	Python
https://github.com/llnl/PnMPI	PnMPI	Virtualization Layer for the MPI Profiling Interface	C
https://github.com/llnl/XNAS	XNAS	Explainable Neural Architecture Search (XNAS)	Python
https://github.com/llnl/wcs	wcs	Whole Cell Simulator	C++
https://github.com/llnl/LOPE	LOPE	Lattice Optimization for Porous Electrodes	C
https://github.com/llnl/Neuralcap	Neuralcap	Neural Networks for Supercapacitor Modeling	Python
https://github.com/llnl/LIGR	LIGR		Python
https://github.com/llnl/AMM	AMM		C++
https://github.com/llnl/STREAMSTAT	STREAMSTAT	Streaming Statistics library for in situ analytics	C++
https://github.com/llnl/2022_PondB_microbiome	2022_PondB_microbiome	"These scripts (IM#: LLNL-CODE- 831991) document the code used to analyze the Pond B (Savannah River Site, South Carolina) microbial community for a manuscript titled ""Microbial dynamics impact plutonium and iron biogeochemical cycles in a seasonally stratified pond"" (in prep)."	R
https://github.com/llnl/Copson_Expansion_Solution	Copson_Expansion_Solution	Evaluate Copson's solution for the expansion of an ideal gas into vacuum	Python
https://github.com/llnl/croquis	croquis	croquis is deprecated and will be removed. Please find the managed version of the project at .	C++
https://github.com/llnl/lime-apps	lime-apps	LiME Applications	C++
https://github.com/llnl/lime	lime	LiME Infrastructure	C
https://github.com/llnl/CcNav	CcNav	CcNav is a web-based tool for visualizing compiler optimizations in binaries.	JavaScript
https://github.com/llnl/SYNDATA	SYNDATA	SYNDATA software includes a suite of statistical/machine learning models to generate discrete/categorical synthetic data.	Python
https://github.com/llnl/dynim	dynim	Dynamic Importance Sampling	Python
https://github.com/llnl/Wemul	Wemul	Workflow I/O Emulation Framework	C++
https://github.com/llnl/raja-suite-dev-env	raja-suite-dev-env		
https://github.com/llnl/Task-Time-Tracker	Task-Time-Tracker	A client side web app for tracking your time	JavaScript
https://github.com/llnl/hatchet-notebooks-sc19	hatchet-notebooks-sc19		C
https://github.com/llnl/maestro_sheetmusic	maestro_sheetmusic	A collection of example Maestro workflows and components meant to be used with Maestro.	Jupyter Notebook
https://github.com/llnl/Thomson-Scattering-Cross-Section-Calculator	Thomson-Scattering-Cross-Section-Calculator	MATLAB Functions for calculating the Thomson scattering cross-section	MATLAB
https://github.com/llnl/PNE_MTINV	PNE_MTINV	Data processing routines and moment tensor inversion of PNE data	Jupyter Notebook
https://github.com/llnl/caliper-examples	caliper-examples	Example codes, configurations, and datasets collected using Caliper	Jupyter Notebook
https://github.com/llnl/al_nlp	al_nlp	Active Learning framework for Natural Language Processing of pathology reports.	Jupyter Notebook
https://github.com/llnl/gitlab-runner-auth	gitlab-runner-auth	Simplifies GitLab runner authentication and registration	Python
https://github.com/llnl/clippy-tutorial	clippy-tutorial	CLIPPy tutorial	Jupyter Notebook
https://github.com/llnl/XPL	XPL		Roff
https://github.com/llnl/pytaridx	pytaridx		Python
https://github.com/llnl/melodee	melodee	Modular Expression Language for Ordinary Differential Equation Editing	Python
https://github.com/llnl/meco	meco	A toy R library for basic microbial ecology tasks.	R
https://github.com/llnl/Yet-Another-Hauser-Feshbach-Code	Yet-Another-Hauser-Feshbach-Code		Fortran
https://github.com/llnl/simutil	simutil	Simulation Utility Library for HPC codes	C
https://github.com/llnl/RAJA-tutorials	RAJA-tutorials	Materials to support RAJA hands-on tutorials	
https://github.com/llnl/avalaunch	avalaunch	Research prototype for fast launch of MPI jobs	C
https://github.com/llnl/spawnnet	spawnnet	Communication library for bootstrapping MPI	C
https://github.com/llnl/SCR-model	SCR-model	Scalable Checkpoint/Restart Library (SCR) model code	Python
https://github.com/llnl/BCML-COVID19	BCML-COVID19	"Repository for ""Budget Constrained Machine Learning for Early Prediction of Adverse Outcomes for COVID-19 Patients"""	Python
https://github.com/llnl/QRUS	QRUS	C++ Template library to represent quantities in scientific computing, includes representation (float/double/...), unit (mass, length, time, angle), and scale (kilo,milli,micro,...))	C++
https://github.com/llnl/Exaworks-SDK	Exaworks-SDK		Shell
https://github.com/llnl/ravel	ravel	Ravel MPI trace visualization tool	C++
https://github.com/llnl/goulash	goulash		C++
https://github.com/llnl/autoatlas	autoatlas	AutoAtlas is a neural network for unsupervised 3D partitioning and representation learning.	Python
https://github.com/llnl/mpiGraph	mpiGraph	MPI benchmark to generate network bandwidth images	Perl
https://github.com/llnl/CUDAMicroBench	CUDAMicroBench		C
https://github.com/llnl/python-lora	python-lora	Python library for interacting with LLNL's Lorenz REST API	Python
https://github.com/llnl/BAnD	BAnD	Code repo for Attend and Decode: 4D fMRI Task State Decoding Using Attention Models,	Python
https://github.com/llnl/spheral-docker	spheral-docker		Dockerfile
https://github.com/llnl/adept-utils	adept-utils	LLNL Utility Libraries	C++
https://github.com/llnl/ibtopo	ibtopo	Perl scripts to process ibnetdiscover to extract network topology info	Perl
https://github.com/llnl/mpiBench	mpiBench	MPI benchmark to test and measure collective performance	C
https://github.com/llnl/metall-tutorial	metall-tutorial	Metall tutorial	Jupyter Notebook
https://github.com/llnl/gtest-mpi-listener	gtest-mpi-listener	Header-only plugin for the Google Test framework defining listener(s) emitting sensible output when testing MPI-based, distributed-memory parallel software.	C++
https://github.com/llnl/GpuMatMatPaper	GpuMatMatPaper		
https://github.com/llnl/radiuss-slackin-extended	radiuss-slackin-extended	Public Slack organizations made easy (extended fork of rauchg/slackin)	JavaScript
https://github.com/llnl/ldms-plugins-llnl	ldms-plugins-llnl	Miscellaneous LDMS plugins from LLNL	M4
https://github.com/llnl/MountPointAttributes	MountPointAttributes	Mount Point Attributes module	C
https://github.com/llnl/FastGlobalFileStatus	FastGlobalFileStatus	Fast and scalable retrieval techniques for file global properties	C
https://github.com/llnl/PairScore	PairScore	A preliminary code to predict binding affinity from the pairwise distances between protein and ligand atoms	Python
https://github.com/llnl/SSHSpawner	SSHSpawner		Python
https://github.com/llnl/Saloon	Saloon	Vim plugin that extends Prospector and ALE for smoother static analysis / linting.	Vim Script
https://github.com/llnl/bridge-kernel	bridge-kernel		Python
https://github.com/llnl/cowc	cowc	Cars Overhead With Context related scripts described in Mundhenk et al. 2016 ECCV.	Python
https://github.com/llnl/simul	simul	MPI coordinated test of parallel filesystem system calls and library functions	C
https://github.com/llnl/iniabu	iniabu	Solar system initial abundances: python tool	Python
https://github.com/llnl/DNN-MFBO	DNN-MFBO	Multi-fidelity Bayesian Optimization via Deep Neural Nets	Python
https://github.com/llnl/ns3-if77-module	ns3-if77-module	ns3 module providing a propagation loss wrapper for the if77 propagation loss model	Fortran
https://github.com/llnl/NDDAV	NDDAV	N-Dimensional Data Analysis and Visualization	JavaScript
https://github.com/llnl/2DHEVF	2DHEVF		Python
https://github.com/llnl/MTLRecSys	MTLRecSys	multitask recommender systems intended for cancer drug response prediction, but now generalizable to a wide range of recommendation problems.	Python
https://github.com/llnl/PF3DK	PF3DK	PF3DK contains kernels derived from pF3D and is intended for use in testing compiler optimization. It contains CPU and GPU (OpenMP 4.5) versions of the kernels.	C
https://github.com/llnl/PF3DIO	PF3DIO	PF3DIO is an I/O benchmark that has I/O patterns similar to those in pF3D. pF3D is a laser-plasma simulation code developed at LLNL. The benchmark is written in the Yorick interpreted language and can be used to assess the performance of parallel file systems on HPC clusters.	Assembly
https://github.com/llnl/PF3DCOMM	PF3DCOMM	PF3DCOMM is an MPI benchmark that tests the performance of communication patterns used in pF3D, a laser-plasma simulation code developed at LLNL. The benchmark is intended for use in evaluating the effectiveness of HPC interconnects.	C
https://github.com/llnl/WRF-IBM	WRF-IBM	The Weather Research and Forecasting model with the immersed boundary method	Fortran
https://github.com/llnl/AutoParBench	AutoParBench	AutoParBench is a benchmark framework to evaluate compilers and tools designed to automatically insert OpenMP directives.	C
https://github.com/llnl/llnl-hires-timers	llnl-hires-timers	C library containing high resolution timer implementation for several platforms.	CMake
https://github.com/llnl/MACSio	MACSio	A Multi-purpose, Application-Centric, Scalable I/O Proxy Application	C
https://github.com/llnl/minq	minq		C++
https://github.com/llnl/ross-matrix-models	ross-matrix-models	Finite ring matrix algebra benchmark models for ROSS.	C++
https://github.com/llnl/fastcam	fastcam	A toolkit for efficent computation of saliency maps for explainable AI attribution. This tool was developed at Lawrence Livermore National Laboratory.	Jupyter Notebook
https://github.com/llnl/mpi-tools	mpi-tools	Tools for MPI programmers	C
https://github.com/llnl/narrows	narrows	Narrows solves the discrete ordinates transport equation using a neural network.	Python
https://github.com/llnl/ac-mpibind	ac-mpibind	A work-in-progress, student-based version of mpibind in C	C
https://github.com/llnl/CRADL	CRADL	Machine learning proxy application for capturing performance metrics of inference algorithms operating on mesh data from multi-physics codes.	Python
https://github.com/llnl/LIST	LIST	Livermore SEM Image Tools (LIST)	C++
https://github.com/llnl/MacPatch-AutoPKG	MacPatch-AutoPKG		Python
https://github.com/llnl/recbis	recbis		C
https://github.com/llnl/H2OI95	H2OI95	A Code for Evaluating the IAPWS-95 Equation-of-State Model for Water	
https://github.com/llnl/fpp	fpp	Function preserving projection (FPP), a linear projection technique for capturing interpretable patterns of high-dimensional functions	Jupyter Notebook
https://github.com/llnl/Babel	Babel	Babel is a high-performance language interoperability tool.	Java
https://github.com/llnl/saamge	saamge	Smoothed aggregation spectral element-based algebraic multigrid	C++
https://github.com/llnl/fpzip	fpzip	Lossless compressor of multidimensional floating-point arrays	C++
https://github.com/llnl/NPB	NPB	Fork of the NASA Advanced Supercomputing Division's NAS Parallel Benchmarks	Fortran
https://github.com/llnl/radiuss-ci-info-action	radiuss-ci-info-action		JavaScript
https://github.com/llnl/radiuss-automation	radiuss-automation	Exploring automation on GitHub	
https://github.com/llnl/radiuss-ci-info-action-go	radiuss-ci-info-action-go	Porting ci-info action in go	Dockerfile
https://github.com/llnl/LibPowerMon	LibPowerMon	Libpowermon: A lightweight profiling framework to profile program context and system-level metrics	
https://github.com/llnl/mhysa	mhysa	Multispecies Navier-Stokes Code	C
https://github.com/llnl/backstroke	backstroke	A tool for reversible computation in C++ based on incremental state saving.	C++
https://github.com/llnl/gecko	gecko	C++ library for graph ordering	C++
https://github.com/llnl/direct-fuse	direct-fuse		C
https://github.com/llnl/typeforge	typeforge	Typeforge is a tool for type refactoring of C/C++ programs. It enables users to change the type of variables and determines all type-dependent changes that are necessary to ensure that the generated code is again a correct program.	C++
https://github.com/llnl/spl	spl	A shim layer which adds the core interfaces required for OpenZFS.	C
https://github.com/llnl/simplexdesign	simplexdesign	Fast space filling designs for simplexes	R
https://github.com/llnl/MAT	MAT	Memory Trace and Analysis Tool	C++
https://github.com/llnl/quantkriging	quantkriging	Quantile Kriging for stochastic simulators	R
https://github.com/llnl/umpire-interactive-tutorial	umpire-interactive-tutorial		Jupyter Notebook
https://github.com/llnl/mstk-docker	mstk-docker	This project runs the Granta MI:Scripting Toolkit V2 for Python inside a docker container for dev purposes.	Dockerfile
https://github.com/llnl/trainGMM	trainGMM		Python
https://github.com/llnl/pyPICfusion	pyPICfusion	A set of python scripts to perform nuclear fusion for an arbitrary distribution of ions	Python
https://github.com/llnl/SAFIRE	SAFIRE		C++
https://github.com/llnl/Rescal-snow	Rescal-snow	A model for dunes and snow waves	Roff
https://github.com/llnl/RAJA-SDP	RAJA-SDP	RAJA Streaming Device Prototype. A test project to prototype device/context based task streaming in RAJA with CAMP and CHAI.	C++
https://github.com/llnl/FRS	FRS	Facial Recognition System - Proof of Concept	Swift
https://github.com/llnl/MultiscaleTopOpt	MultiscaleTopOpt	A 3D multsicale topology optimization code using surrogate models of lattice microscale response	MATLAB
https://github.com/llnl/prorad	prorad		Python
https://github.com/llnl/sepsense	sepsense	Code to explore optimal remote sensing design for visual recognition with deep learning.	Jupyter Notebook
https://github.com/llnl/PENNANT	PENNANT	Unstructured mesh hydrodynamics for advanced architectures	C++
https://github.com/llnl/MPI-Usage	MPI-Usage	MPI Usage Analysis	Perl
https://github.com/llnl/graph-embed	graph-embed	A small library for graph embedding	C++
https://github.com/llnl/f-strings	f-strings	String interpolation for Lua	Lua
https://github.com/llnl/bmsl	bmsl	"Codes for the ""Bayesian Multitask with Structure Learning"" (BMSL) model."	Python
https://github.com/llnl/iris	iris		Java
https://github.com/llnl/MTL-suite	MTL-suite	Suite of multitask learning methods.	Python
https://github.com/llnl/SmallMolEval	SmallMolEval	Using machine learning to score potential drug candidates may offer an advantage over traditional imprecise scoring functions because the parameters and model structure can be learned from the data. However, models may lack interpretability, are often overfit to the data, and are not generalizable to drug targets and chemotypes not in the traini…	Python
https://github.com/llnl/HyDAGS	HyDAGS	Hyperspectral Data Approximation with Gaussian Splines	Python
https://github.com/llnl/omnibus-gitlab	omnibus-gitlab	GitLab Omnibus Mirror | Please open new issues in our issue tracker on GitLab.com	Ruby
https://github.com/llnl/cxxopts	cxxopts	Lightweight C++ command line option parser	C++
https://github.com/llnl/MPI-Stages	MPI-Stages	MPI library that supports serializing (and checkpointing) its state	C++
https://github.com/llnl/polycube	polycube	Computational origami methods for edge unfoldings of polycubes	Prolog
https://github.com/llnl/STKAddressConverter	STKAddressConverter	Convert between various StorageTek addressing schemes	Python
https://github.com/llnl/MerlinWorkflows	MerlinWorkflows	Example Merlin Workflows	Python
https://github.com/llnl/OpenRES	OpenRES	The OpenRES is an open-source library of renewable energy resources with ancillary services (e.g., frequency and voltage regulation).	Modelica
https://github.com/llnl/ANS	ANS	Autoencoder Node Saliency	Jupyter Notebook
https://github.com/llnl/muster	muster	Massively Scalable Clustering	C++
https://github.com/llnl/SC-PD-FED	SC-PD-FED	Solar Cell Phase and Defect Formation Energy Diagram - A CKAN plugin for HydroGEN	Python
https://github.com/llnl/TopoMS	TopoMS	Topological Analysis for Molecular Systems	C++
https://github.com/llnl/loupe	loupe	MPI profiler	C++
https://github.com/llnl/Sedov-ML	Sedov-ML	Machine learning for predicting physics variables in Sedov blast simulation.	Roff
https://github.com/llnl/sonar-driver	sonar-driver	Utility for LLNL's Sonar infrastructure	Python
https://github.com/llnl/nfs-directory-source	nfs-directory-source	Kafka Connect Directory source for Network FileSystem (NFS) directories	Java
https://github.com/llnl/simpool	simpool	Simpool is a set of simple pooled memory allocators	C++
https://github.com/llnl/legion	legion	The Legion Parallel Programming System	C++
https://github.com/llnl/rover	rover	ROVER: an open source hybrid-parallel library for volume rendering and simulated radiography	C++
https://github.com/llnl/ScrubJay	ScrubJay	A framework for automatic, scalable data integration of HPC performance data sources	Scala
https://github.com/llnl/jupyterhub	jupyterhub	Multi-user server for Jupyter notebooks	Python
https://github.com/llnl/iirabm	iirabm	Innate immune response agent-based model	C++
https://github.com/llnl/MacPatch-Docs-gh	MacPatch-Docs-gh	MacPath Documentation	
https://github.com/llnl/paraDIS_lib	paraDIS_lib	Visualization library to work with the paraDIS dislocation dynamics code	C
https://github.com/llnl/configurable-http-proxy	configurable-http-proxy	node-http-proxy plus a REST API	JavaScript
https://github.com/llnl/scr-fe	scr-fe	SCR frontend python module	Python
https://github.com/llnl/cryoH2vehicle	cryoH2vehicle		Fortran
https://github.com/llnl/rst2slides	rst2slides	Rst2slides converts reStructuredText source into a reveal.js presentation.	Python
https://github.com/llnl/SoRa	SoRa	SoRa uses genetic programming to find mathematical representations from experimental data	Python
https://github.com/llnl/acrotensor	acrotensor	A C++ library for computing large scale tensor contractions.	C++
https://github.com/llnl/Open-Facility-Viewer	Open-Facility-Viewer	Open Facility Viewer (OFV) is an application for 3D interactive walk-throughs of facilities	C++
https://github.com/llnl/parelagmc	parelagmc	Parallel element agglomeration multilevel Monte Carlo library.	C++
https://github.com/llnl/GOTCHA-tracer	GOTCHA-tracer	Tracer generater example using GOTCHA	C
https://github.com/llnl/Tool-Gear	Tool-Gear	Tool Gear is an infrastructure for quickly creating GUIs for tools.	C++
https://github.com/llnl/geopm	geopm	Global Extensible Open Power Manager	C++
https://github.com/llnl/selfsupervised	selfsupervised	Deep Learning Self-Supervised source code related to Mundenk et al. CVPR 2018	Python
https://github.com/llnl/phloem	phloem	Phloem MPI Benchmarks	C
https://github.com/llnl/unum	unum	Universal Number Library	C
https://github.com/llnl/open-source-guidelines	open-source-guidelines	Information about working with LLNL open source projects	
https://github.com/llnl/ior	ior	Parallel filesystem I/O benchmark	C
https://github.com/llnl/callpath	callpath	Library for representing callpaths consistently in distributed-memory performance tools.	Shell
https://github.com/llnl/TreeScope	TreeScope	Visualization of Traffic on Fat-tree Network	JavaScript
https://github.com/llnl/Adagio	Adagio	A power aware runtime	C
https://github.com/llnl/burstfs	burstfs		C
https://github.com/llnl/GRAPE	GRAPE	"Distributed Git Workflow Management Tool - The Git Replacement for the ""Awesome"" PARSEC Environment"	Python
https://github.com/llnl/mdtest	mdtest	Used for testing the metadata performance of a file system	C
https://github.com/llnl/MultiMatTest	MultiMatTest	A demonstration code to test performance of basic operations for different representations of multi-material data structures.	C++
https://github.com/llnl/strawman	strawman	A many-core capable lightweight in situ visualization and analysis infrastructure for multi-physics HPC simulations	C++
https://github.com/llnl/json-cwx	json-cwx	JSON-C with Extensions	C
https://github.com/llnl/TourRobotDance	TourRobotDance	Make your tape library robots dance for the delight of tour groups in your data center	Shell
https://github.com/llnl/googletest-mpi-listener	googletest-mpi-listener	Header-only plugin for the Google Test framework defining listener(s) emitting sensible output when testing MPI-based, distributed-memory parallel software.	
https://github.com/llnl/CxxPolyFit	CxxPolyFit	A simple library for producing multidimensional polynomial fits for C++	Fortran
https://github.com/llnl/SBLLmalloc	SBLLmalloc	Memory allocation library, which automatically identifies the replicated data memory blocks and merges them into a single copy.	C
https://github.com/llnl/coreFPUtest	coreFPUtest	"This test is designed to perform a specific calculation that has been shown to exhibit rounding differences on certain ""bad"" AMD Opteron chips."	C
https://github.com/llnl/Tizona	Tizona	Tool for managing HPC workloads	Python
https://github.com/llnl/CoMD-Chapel	CoMD-Chapel	CoMD implementation in Chapel	Chapel
https://github.com/llnl/hscs	hscs	HTTPS Web Server Reference Implementations	Ruby
https://github.com/llnl/caliper-compiler	caliper-compiler	Compiler tools for Caliper	C++
https://github.com/llnl/UQ_combustion	UQ_combustion		C++
https://github.com/llnl/DragonView	DragonView	Visual Analytics Tool for Dragonfly Network-based Supercomputers	JavaScript
https://github.com/llnl/spark-hdf5	spark-hdf5	A plugin to enable Apache Spark to read HDF5 files	Scala
https://github.com/llnl/ldapotp-java-api	ldapotp-java-api	provides OTP authentication services for java applications	Java
https://github.com/llnl/fdtree	fdtree	Recursive generator of directory trees	Shell
https://github.com/llnl/refex-rolx	refex-rolx		Java
https://github.com/llnl/cruise	cruise	User space POSIX-like file system in main memory	C
https://github.com/llnl/PIPS-SBB	PIPS-SBB	Implementation of parallel branch-and-bound algorithm for stochastic (or block-angular) mixed-integer programs	C++
https://github.com/llnl/rubik	rubik	Topology Aware Task Mapping Tool	Python
https://github.com/llnl/WVL	WVL		Python
https://github.com/llnl/pmgr_collective	pmgr_collective		C
https://github.com/llnl/OMSClient	OMSClient	Tool to read network traffic data output by OpenSM Monitoring Service	Java
https://github.com/llnl/flume-plugins	flume-plugins	A small collection of Flume Plugins and scripts.	Java
https://github.com/llnl/ldapotp-jni-lib	ldapotp-jni-lib	A native interface wrapper for the standard LDAPOTP Client Authentication libraries	C
https://github.com/llnl/Collabmaps	Collabmaps	An extension of the Datamaps package to show links between locations	JavaScript
https://github.com/llnl/boxfish	boxfish	Boxfish is a platform for visualizing performance data across the domains in which it was collected	Python
https://github.com/llnl/rhizome	rhizome		Clojure
https://github.com/llnl/blockbuster	blockbuster	Automatically exported from code.google.com/p/blockbuster	C++
https://github.com/llnl/AutomaDeD	AutomaDeD	Debugging Tool based on Statistical Analysis	C
https://github.com/llnl/cram	cram	Tool to run many small MPI jobs inside of one large MPI job.	Python
https://github.com/llnl/Gremlins	Gremlins	Flexible and extensible framework to emulate expected exascale architecture characteristics	C++
https://github.com/llnl/mpileaks	mpileaks	Tool to detect and report leaked MPI objects like MPI_Requests and MPI_Datatypes	Shell
https://github.com/llnl/nami	nami	Parallel Wavelet Compression	C++
https://github.com/llnl/core_stack_merge	core_stack_merge	A script to merge IBM BlueGene lightweight core files into STAT prefix trees	Python
https://github.com/llnl/DysectAPI	DysectAPI	The DysectAPI allows users to install debug probes that can gather various debug data under user-specified conditions—i.e., breakpoints, evaluation points, external conditions, etc. Probes can be linked in a tree to automate debug actions that a user would manually perform using a traditional debugger.	C++
https://github.com/llnl/yorick-z	yorick-z	zlib, jpeg, and png plugin for yorick	C
https://github.com/llnl/mib	mib		C
https://github.com/llnl/yorick-doc	yorick-doc	automatic documentation generator for yorick	Perl
https://github.com/llnl/yorick-gl	yorick-gl	OpenGL 3D graphics plugin for yorick	C
https://github.com/llnl/ap	ap	Absolute Path Command	Perl
https://github.com/llnl/mpy1	mpy1	Obsolete mpy version 1, use yorick/mpy	C
https://github.com/llnl/yorick-mpeg	yorick-mpeg	mpeg1 writer plugin for yorick	C
https://github.com/llnl/yorick-ml4	yorick-ml4	Matlab4 I/O plugin for yorick	C
